emp_no,birth_date,first_name,last_name,gender,hire_date,dept_no,dept_name
10001,1953-09-02,Georgi,Facello,M,1986-06-26,d001,Marketing
10001,1953-09-02,Georgi,Facello,M,1986-06-26,d002,Finance
10001,1953-09-02,Georgi,Facello,M,1986-06-26,d003,"Human Resources"
10001,1953-09-02,Georgi,Facello,M,1986-06-26,d004,Production
10001,1953-09-02,Georgi,Facello,M,1986-06-26,d005,Development
10001,1953-09-02,Georgi,Facello,M,1986-06-26,d006,"Quality Management"
10001,1953-09-02,Georgi,Facello,M,1986-06-26,d007,Sales
10001,1953-09-02,Georgi,Facello,M,1986-06-26,d008,Research
10001,1953-09-02,Georgi,Facello,M,1986-06-26,d009,"Customer Service"
10002,1964-06-02,Bezalel,Simmel,F,1985-11-21,d001,Marketing
10002,1964-06-02,Bezalel,Simmel,F,1985-11-21,d002,Finance
10002,1964-06-02,Bezalel,Simmel,F,1985-11-21,d003,"Human Resources"
10002,1964-06-02,Bezalel,Simmel,F,1985-11-21,d004,Production
10002,1964-06-02,Bezalel,Simmel,F,1985-11-21,d005,Development
10002,1964-06-02,Bezalel,Simmel,F,1985-11-21,d006,"Quality Management"
10002,1964-06-02,Bezalel,Simmel,F,1985-11-21,d007,Sales
10002,1964-06-02,Bezalel,Simmel,F,1985-11-21,d008,Research
10002,1964-06-02,Bezalel,Simmel,F,1985-11-21,d009,"Customer Service"
10003,1959-12-03,Parto,Bamford,M,1986-08-28,d001,Marketing
10003,1959-12-03,Parto,Bamford,M,1986-08-28,d002,Finance
10003,1959-12-03,Parto,Bamford,M,1986-08-28,d003,"Human Resources"
10003,1959-12-03,Parto,Bamford,M,1986-08-28,d004,Production
10003,1959-12-03,Parto,Bamford,M,1986-08-28,d005,Development
10003,1959-12-03,Parto,Bamford,M,1986-08-28,d006,"Quality Management"
10003,1959-12-03,Parto,Bamford,M,1986-08-28,d007,Sales
10003,1959-12-03,Parto,Bamford,M,1986-08-28,d008,Research
10003,1959-12-03,Parto,Bamford,M,1986-08-28,d009,"Customer Service"
10004,1954-05-01,Chirstian,Koblick,M,1986-12-01,d001,Marketing
10004,1954-05-01,Chirstian,Koblick,M,1986-12-01,d002,Finance
10004,1954-05-01,Chirstian,Koblick,M,1986-12-01,d003,"Human Resources"
10004,1954-05-01,Chirstian,Koblick,M,1986-12-01,d004,Production
10004,1954-05-01,Chirstian,Koblick,M,1986-12-01,d005,Development
10004,1954-05-01,Chirstian,Koblick,M,1986-12-01,d006,"Quality Management"
10004,1954-05-01,Chirstian,Koblick,M,1986-12-01,d007,Sales
10004,1954-05-01,Chirstian,Koblick,M,1986-12-01,d008,Research
10004,1954-05-01,Chirstian,Koblick,M,1986-12-01,d009,"Customer Service"
10005,1955-01-21,Kyoichi,Maliniak,M,1989-09-12,d001,Marketing
10005,1955-01-21,Kyoichi,Maliniak,M,1989-09-12,d002,Finance
10005,1955-01-21,Kyoichi,Maliniak,M,1989-09-12,d003,"Human Resources"
10005,1955-01-21,Kyoichi,Maliniak,M,1989-09-12,d004,Production
10005,1955-01-21,Kyoichi,Maliniak,M,1989-09-12,d005,Development
10005,1955-01-21,Kyoichi,Maliniak,M,1989-09-12,d006,"Quality Management"
10005,1955-01-21,Kyoichi,Maliniak,M,1989-09-12,d007,Sales
10005,1955-01-21,Kyoichi,Maliniak,M,1989-09-12,d008,Research
10005,1955-01-21,Kyoichi,Maliniak,M,1989-09-12,d009,"Customer Service"
10006,1953-04-20,Anneke,Preusig,F,1989-06-02,d001,Marketing
10006,1953-04-20,Anneke,Preusig,F,1989-06-02,d002,Finance
10006,1953-04-20,Anneke,Preusig,F,1989-06-02,d003,"Human Resources"
10006,1953-04-20,Anneke,Preusig,F,1989-06-02,d004,Production
10006,1953-04-20,Anneke,Preusig,F,1989-06-02,d005,Development
10006,1953-04-20,Anneke,Preusig,F,1989-06-02,d006,"Quality Management"
10006,1953-04-20,Anneke,Preusig,F,1989-06-02,d007,Sales
10006,1953-04-20,Anneke,Preusig,F,1989-06-02,d008,Research
10006,1953-04-20,Anneke,Preusig,F,1989-06-02,d009,"Customer Service"
10007,1957-05-23,Tzvetan,Zielinski,F,1989-02-10,d001,Marketing
10007,1957-05-23,Tzvetan,Zielinski,F,1989-02-10,d002,Finance
10007,1957-05-23,Tzvetan,Zielinski,F,1989-02-10,d003,"Human Resources"
10007,1957-05-23,Tzvetan,Zielinski,F,1989-02-10,d004,Production
10007,1957-05-23,Tzvetan,Zielinski,F,1989-02-10,d005,Development
10007,1957-05-23,Tzvetan,Zielinski,F,1989-02-10,d006,"Quality Management"
10007,1957-05-23,Tzvetan,Zielinski,F,1989-02-10,d007,Sales
10007,1957-05-23,Tzvetan,Zielinski,F,1989-02-10,d008,Research
10007,1957-05-23,Tzvetan,Zielinski,F,1989-02-10,d009,"Customer Service"
10008,1958-02-19,Saniya,Kalloufi,M,1994-09-15,d001,Marketing
10008,1958-02-19,Saniya,Kalloufi,M,1994-09-15,d002,Finance
10008,1958-02-19,Saniya,Kalloufi,M,1994-09-15,d003,"Human Resources"
10008,1958-02-19,Saniya,Kalloufi,M,1994-09-15,d004,Production
10008,1958-02-19,Saniya,Kalloufi,M,1994-09-15,d005,Development
10008,1958-02-19,Saniya,Kalloufi,M,1994-09-15,d006,"Quality Management"
10008,1958-02-19,Saniya,Kalloufi,M,1994-09-15,d007,Sales
10008,1958-02-19,Saniya,Kalloufi,M,1994-09-15,d008,Research
10008,1958-02-19,Saniya,Kalloufi,M,1994-09-15,d009,"Customer Service"
10009,1952-04-19,Sumant,Peac,F,1985-02-18,d001,Marketing
10009,1952-04-19,Sumant,Peac,F,1985-02-18,d002,Finance
10009,1952-04-19,Sumant,Peac,F,1985-02-18,d003,"Human Resources"
10009,1952-04-19,Sumant,Peac,F,1985-02-18,d004,Production
10009,1952-04-19,Sumant,Peac,F,1985-02-18,d005,Development
10009,1952-04-19,Sumant,Peac,F,1985-02-18,d006,"Quality Management"
10009,1952-04-19,Sumant,Peac,F,1985-02-18,d007,Sales
10009,1952-04-19,Sumant,Peac,F,1985-02-18,d008,Research
10009,1952-04-19,Sumant,Peac,F,1985-02-18,d009,"Customer Service"
10010,1963-06-01,Duangkaew,Piveteau,F,1989-08-24,d001,Marketing
10010,1963-06-01,Duangkaew,Piveteau,F,1989-08-24,d002,Finance
10010,1963-06-01,Duangkaew,Piveteau,F,1989-08-24,d003,"Human Resources"
10010,1963-06-01,Duangkaew,Piveteau,F,1989-08-24,d004,Production
10010,1963-06-01,Duangkaew,Piveteau,F,1989-08-24,d005,Development
10010,1963-06-01,Duangkaew,Piveteau,F,1989-08-24,d006,"Quality Management"
10010,1963-06-01,Duangkaew,Piveteau,F,1989-08-24,d007,Sales
10010,1963-06-01,Duangkaew,Piveteau,F,1989-08-24,d008,Research
10010,1963-06-01,Duangkaew,Piveteau,F,1989-08-24,d009,"Customer Service"
